<annotation>
	<folder>photo</folder>
	<filename>bicycle237.jpg</filename>
	<path>C:\Users\王永祯\Desktop\bike\photo\bicycle237.jpg</path>
	<source>
		<database>Unknown</database>
	</source>
	<size>
		<width>1058</width>
		<height>834</height>
		<depth>3</depth>
	</size>
	<segmented>0</segmented>
	<object>
		<name>bicycle</name>
		<pose>Unspecified</pose>
		<truncated>0</truncated>
		<difficult>0</difficult>
		<bndbox>
			<xmin>527</xmin>
			<ymin>646</ymin>
			<xmax>696</xmax>
			<ymax>717</ymax>
		</bndbox>
	</object>
</annotation>
