<annotation>
	<folder>photo</folder>
	<filename>bicycle481.jpg</filename>
	<path>C:\Users\王永祯\Desktop\bike\photo\bicycle481.jpg</path>
	<source>
		<database>Unknown</database>
	</source>
	<size>
		<width>1058</width>
		<height>834</height>
		<depth>3</depth>
	</size>
	<segmented>0</segmented>
	<object>
		<name>bicycle</name>
		<pose>Unspecified</pose>
		<truncated>0</truncated>
		<difficult>0</difficult>
		<bndbox>
			<xmin>365</xmin>
			<ymin>431</ymin>
			<xmax>506</xmax>
			<ymax>476</ymax>
		</bndbox>
	</object>
</annotation>
