<annotation>
	<folder>photo</folder>
	<filename>bicycle255.jpg</filename>
	<path>C:\Users\王永祯\Desktop\bike\photo\bicycle255.jpg</path>
	<source>
		<database>Unknown</database>
	</source>
	<size>
		<width>1058</width>
		<height>834</height>
		<depth>3</depth>
	</size>
	<segmented>0</segmented>
	<object>
		<name>bicycle</name>
		<pose>Unspecified</pose>
		<truncated>0</truncated>
		<difficult>0</difficult>
		<bndbox>
			<xmin>568</xmin>
			<ymin>617</ymin>
			<xmax>789</xmax>
			<ymax>690</ymax>
		</bndbox>
	</object>
</annotation>
