<annotation>
	<folder>photo</folder>
	<filename>bicycle376.jpg</filename>
	<path>C:\Users\王永祯\Desktop\bike\photo\bicycle376.jpg</path>
	<source>
		<database>Unknown</database>
	</source>
	<size>
		<width>1058</width>
		<height>834</height>
		<depth>3</depth>
	</size>
	<segmented>0</segmented>
	<object>
		<name>bicycle</name>
		<pose>Unspecified</pose>
		<truncated>0</truncated>
		<difficult>0</difficult>
		<bndbox>
			<xmin>551</xmin>
			<ymin>430</ymin>
			<xmax>670</xmax>
			<ymax>491</ymax>
		</bndbox>
	</object>
</annotation>
