<annotation>
	<folder>photo</folder>
	<filename>49_3_lorry107.jpg</filename>
	<path>C:\Users\王永祯\Desktop\lorry\photo\49_3_lorry107.jpg</path>
	<source>
		<database>Unknown</database>
	</source>
	<size>
		<width>1058</width>
		<height>834</height>
		<depth>3</depth>
	</size>
	<segmented>0</segmented>
	<object>
		<name>lorry</name>
		<pose>Unspecified</pose>
		<truncated>0</truncated>
		<difficult>0</difficult>
		<bndbox>
			<xmin>748</xmin>
			<ymin>584</ymin>
			<xmax>853</xmax>
			<ymax>722</ymax>
		</bndbox>
	</object>
</annotation>
