<annotation>
	<folder>photo</folder>
	<filename>49_5_lorry167.jpg</filename>
	<path>C:\Users\王永祯\Desktop\lorry\photo\49_5_lorry167.jpg</path>
	<source>
		<database>Unknown</database>
	</source>
	<size>
		<width>1058</width>
		<height>834</height>
		<depth>3</depth>
	</size>
	<segmented>0</segmented>
	<object>
		<name>lorry</name>
		<pose>Unspecified</pose>
		<truncated>0</truncated>
		<difficult>0</difficult>
		<bndbox>
			<xmin>792</xmin>
			<ymin>242</ymin>
			<xmax>911</xmax>
			<ymax>420</ymax>
		</bndbox>
	</object>
</annotation>
