<annotation>
	<folder>photo</folder>
	<filename>car126.jpg</filename>
	<path>C:\Users\王永祯\Desktop\yolo_data\photo\car126.jpg</path>
	<source>
		<database>Unknown</database>
	</source>
	<size>
		<width>1058</width>
		<height>834</height>
		<depth>3</depth>
	</size>
	<segmented>0</segmented>
	<object>
		<name>car</name>
		<pose>Unspecified</pose>
		<truncated>1</truncated>
		<difficult>0</difficult>
		<bndbox>
			<xmin>988</xmin>
			<ymin>114</ymin>
			<xmax>1058</xmax>
			<ymax>256</ymax>
		</bndbox>
	</object>
</annotation>
