<annotation>
	<folder>photo</folder>
	<filename>car228.jpg</filename>
	<path>C:\Users\王永祯\Desktop\yolo_data\photo\car228.jpg</path>
	<source>
		<database>Unknown</database>
	</source>
	<size>
		<width>1058</width>
		<height>834</height>
		<depth>3</depth>
	</size>
	<segmented>0</segmented>
	<object>
		<name>car</name>
		<pose>Unspecified</pose>
		<truncated>0</truncated>
		<difficult>0</difficult>
		<bndbox>
			<xmin>879</xmin>
			<ymin>472</ymin>
			<xmax>998</xmax>
			<ymax>651</ymax>
		</bndbox>
	</object>
</annotation>
