<annotation>
	<folder>photo</folder>
	<filename>car30.jpg</filename>
	<path>C:\Users\王永祯\Desktop\yolo_data\photo\car30.jpg</path>
	<source>
		<database>Unknown</database>
	</source>
	<size>
		<width>1058</width>
		<height>834</height>
		<depth>3</depth>
	</size>
	<segmented>0</segmented>
	<object>
		<name>car</name>
		<pose>Unspecified</pose>
		<truncated>0</truncated>
		<difficult>0</difficult>
		<bndbox>
			<xmin>917</xmin>
			<ymin>157</ymin>
			<xmax>1028</xmax>
			<ymax>321</ymax>
		</bndbox>
	</object>
	<object>
		<name>car</name>
		<pose>Unspecified</pose>
		<truncated>0</truncated>
		<difficult>0</difficult>
		<bndbox>
			<xmin>639</xmin>
			<ymin>625</ymin>
			<xmax>847</xmax>
			<ymax>757</ymax>
		</bndbox>
	</object>
</annotation>
