<annotation>
	<folder>photo</folder>
	<filename>car33.jpg</filename>
	<path>C:\Users\王永祯\Desktop\yolo_data\photo\car33.jpg</path>
	<source>
		<database>Unknown</database>
	</source>
	<size>
		<width>1058</width>
		<height>834</height>
		<depth>3</depth>
	</size>
	<segmented>0</segmented>
	<object>
		<name>car</name>
		<pose>Unspecified</pose>
		<truncated>0</truncated>
		<difficult>0</difficult>
		<bndbox>
			<xmin>910</xmin>
			<ymin>150</ymin>
			<xmax>1021</xmax>
			<ymax>282</ymax>
		</bndbox>
	</object>
	<object>
		<name>car</name>
		<pose>Unspecified</pose>
		<truncated>0</truncated>
		<difficult>0</difficult>
		<bndbox>
			<xmin>623</xmin>
			<ymin>659</ymin>
			<xmax>892</xmax>
			<ymax>767</ymax>
		</bndbox>
	</object>
</annotation>
