<annotation>
	<folder>photo</folder>
	<filename>car4.jpg</filename>
	<path>C:\Users\王永祯\Desktop\yolo_data\photo\car4.jpg</path>
	<source>
		<database>Unknown</database>
	</source>
	<size>
		<width>1058</width>
		<height>834</height>
		<depth>3</depth>
	</size>
	<segmented>0</segmented>
	<object>
		<name>car</name>
		<pose>Unspecified</pose>
		<truncated>0</truncated>
		<difficult>0</difficult>
		<bndbox>
			<xmin>925</xmin>
			<ymin>308</ymin>
			<xmax>1047</xmax>
			<ymax>483</ymax>
		</bndbox>
	</object>
</annotation>
