<annotation>
	<folder>photo</folder>
	<filename>car482.jpg</filename>
	<path>C:\Users\王永祯\Desktop\yolo_data\photo\car482.jpg</path>
	<source>
		<database>Unknown</database>
	</source>
	<size>
		<width>1058</width>
		<height>834</height>
		<depth>3</depth>
	</size>
	<segmented>0</segmented>
	<object>
		<name>car</name>
		<pose>Unspecified</pose>
		<truncated>0</truncated>
		<difficult>0</difficult>
		<bndbox>
			<xmin>109</xmin>
			<ymin>109</ymin>
			<xmax>201</xmax>
			<ymax>265</ymax>
		</bndbox>
	</object>
</annotation>
