<annotation>
	<folder>photo</folder>
	<filename>car575.jpg</filename>
	<path>C:\Users\王永祯\Desktop\yolo_data\photo\car575.jpg</path>
	<source>
		<database>Unknown</database>
	</source>
	<size>
		<width>1058</width>
		<height>834</height>
		<depth>3</depth>
	</size>
	<segmented>0</segmented>
	<object>
		<name>car</name>
		<pose>Unspecified</pose>
		<truncated>0</truncated>
		<difficult>0</difficult>
		<bndbox>
			<xmin>87</xmin>
			<ymin>114</ymin>
			<xmax>189</xmax>
			<ymax>240</ymax>
		</bndbox>
	</object>
	<object>
		<name>car</name>
		<pose>Unspecified</pose>
		<truncated>0</truncated>
		<difficult>0</difficult>
		<bndbox>
			<xmin>233</xmin>
			<ymin>545</ymin>
			<xmax>442</xmax>
			<ymax>679</ymax>
		</bndbox>
	</object>
</annotation>
