<annotation>
	<folder>photo</folder>
	<filename>car565.jpg</filename>
	<path>C:\Users\王永祯\Desktop\yolo_data\photo\car565.jpg</path>
	<source>
		<database>Unknown</database>
	</source>
	<size>
		<width>1058</width>
		<height>834</height>
		<depth>3</depth>
	</size>
	<segmented>0</segmented>
	<object>
		<name>car</name>
		<pose>Unspecified</pose>
		<truncated>0</truncated>
		<difficult>0</difficult>
		<bndbox>
			<xmin>94</xmin>
			<ymin>65</ymin>
			<xmax>167</xmax>
			<ymax>178</ymax>
		</bndbox>
	</object>
	<object>
		<name>car</name>
		<pose>Unspecified</pose>
		<truncated>0</truncated>
		<difficult>0</difficult>
		<bndbox>
			<xmin>192</xmin>
			<ymin>509</ymin>
			<xmax>365</xmax>
			<ymax>655</ymax>
		</bndbox>
	</object>
</annotation>
