<annotation>
	<folder>photo</folder>
	<filename>car57.jpg</filename>
	<path>C:\Users\王永祯\Desktop\yolo_data\photo\car57.jpg</path>
	<source>
		<database>Unknown</database>
	</source>
	<size>
		<width>1058</width>
		<height>834</height>
		<depth>3</depth>
	</size>
	<segmented>0</segmented>
	<object>
		<name>car</name>
		<pose>Unspecified</pose>
		<truncated>0</truncated>
		<difficult>0</difficult>
		<bndbox>
			<xmin>772</xmin>
			<ymin>564</ymin>
			<xmax>939</xmax>
			<ymax>720</ymax>
		</bndbox>
	</object>
	<object>
		<name>car</name>
		<pose>Unspecified</pose>
		<truncated>0</truncated>
		<difficult>0</difficult>
		<bndbox>
			<xmin>971</xmin>
			<ymin>43</ymin>
			<xmax>1023</xmax>
			<ymax>108</ymax>
		</bndbox>
	</object>
</annotation>
