<annotation>
	<folder>photo</folder>
	<filename>car579.jpg</filename>
	<path>C:\Users\王永祯\Desktop\yolo_data\photo\car579.jpg</path>
	<source>
		<database>Unknown</database>
	</source>
	<size>
		<width>1058</width>
		<height>834</height>
		<depth>3</depth>
	</size>
	<segmented>0</segmented>
	<object>
		<name>car</name>
		<pose>Unspecified</pose>
		<truncated>0</truncated>
		<difficult>0</difficult>
		<bndbox>
			<xmin>88</xmin>
			<ymin>140</ymin>
			<xmax>184</xmax>
			<ymax>268</ymax>
		</bndbox>
	</object>
	<object>
		<name>car</name>
		<pose>Unspecified</pose>
		<truncated>0</truncated>
		<difficult>0</difficult>
		<bndbox>
			<xmin>201</xmin>
			<ymin>555</ymin>
			<xmax>423</xmax>
			<ymax>678</ymax>
		</bndbox>
	</object>
</annotation>
