<annotation>
	<folder>photo</folder>
	<filename>car571.jpg</filename>
	<path>C:\Users\王永祯\Desktop\yolo_data\photo\car571.jpg</path>
	<source>
		<database>Unknown</database>
	</source>
	<size>
		<width>1058</width>
		<height>834</height>
		<depth>3</depth>
	</size>
	<segmented>0</segmented>
	<object>
		<name>car</name>
		<pose>Unspecified</pose>
		<truncated>0</truncated>
		<difficult>0</difficult>
		<bndbox>
			<xmin>84</xmin>
			<ymin>91</ymin>
			<xmax>167</xmax>
			<ymax>238</ymax>
		</bndbox>
	</object>
	<object>
		<name>car</name>
		<pose>Unspecified</pose>
		<truncated>0</truncated>
		<difficult>0</difficult>
		<bndbox>
			<xmin>167</xmin>
			<ymin>507</ymin>
			<xmax>388</xmax>
			<ymax>673</ymax>
		</bndbox>
	</object>
</annotation>
