<annotation>
	<folder>photo</folder>
	<filename>car567.jpg</filename>
	<path>C:\Users\王永祯\Desktop\yolo_data\photo\car567.jpg</path>
	<source>
		<database>Unknown</database>
	</source>
	<size>
		<width>1058</width>
		<height>834</height>
		<depth>3</depth>
	</size>
	<segmented>0</segmented>
	<object>
		<name>car</name>
		<pose>Unspecified</pose>
		<truncated>0</truncated>
		<difficult>0</difficult>
		<bndbox>
			<xmin>102</xmin>
			<ymin>79</ymin>
			<xmax>173</xmax>
			<ymax>188</ymax>
		</bndbox>
	</object>
	<object>
		<name>car</name>
		<pose>Unspecified</pose>
		<truncated>0</truncated>
		<difficult>0</difficult>
		<bndbox>
			<xmin>193</xmin>
			<ymin>504</ymin>
			<xmax>385</xmax>
			<ymax>674</ymax>
		</bndbox>
	</object>
</annotation>
