<annotation>
	<folder>photo</folder>
	<filename>car672.jpg</filename>
	<path>C:\Users\王永祯\Desktop\yolo_data\photo\car672.jpg</path>
	<source>
		<database>Unknown</database>
	</source>
	<size>
		<width>1058</width>
		<height>834</height>
		<depth>3</depth>
	</size>
	<segmented>0</segmented>
	<object>
		<name>car</name>
		<pose>Unspecified</pose>
		<truncated>0</truncated>
		<difficult>0</difficult>
		<bndbox>
			<xmin>88</xmin>
			<ymin>40</ymin>
			<xmax>210</xmax>
			<ymax>190</ymax>
		</bndbox>
	</object>
	<object>
		<name>car</name>
		<pose>Unspecified</pose>
		<truncated>0</truncated>
		<difficult>0</difficult>
		<bndbox>
			<xmin>200</xmin>
			<ymin>541</ymin>
			<xmax>435</xmax>
			<ymax>696</ymax>
		</bndbox>
	</object>
</annotation>
