<annotation>
	<folder>photo</folder>
	<filename>car678.jpg</filename>
	<path>C:\Users\王永祯\Desktop\yolo_data\photo\car678.jpg</path>
	<source>
		<database>Unknown</database>
	</source>
	<size>
		<width>1058</width>
		<height>834</height>
		<depth>3</depth>
	</size>
	<segmented>0</segmented>
	<object>
		<name>car</name>
		<pose>Unspecified</pose>
		<truncated>0</truncated>
		<difficult>0</difficult>
		<bndbox>
			<xmin>97</xmin>
			<ymin>45</ymin>
			<xmax>220</xmax>
			<ymax>200</ymax>
		</bndbox>
	</object>
	<object>
		<name>car</name>
		<pose>Unspecified</pose>
		<truncated>0</truncated>
		<difficult>0</difficult>
		<bndbox>
			<xmin>278</xmin>
			<ymin>575</ymin>
			<xmax>477</xmax>
			<ymax>693</ymax>
		</bndbox>
	</object>
</annotation>
