<annotation>
	<folder>photo</folder>
	<filename>car670.jpg</filename>
	<path>C:\Users\王永祯\Desktop\yolo_data\photo\car670.jpg</path>
	<source>
		<database>Unknown</database>
	</source>
	<size>
		<width>1058</width>
		<height>834</height>
		<depth>3</depth>
	</size>
	<segmented>0</segmented>
	<object>
		<name>car</name>
		<pose>Unspecified</pose>
		<truncated>0</truncated>
		<difficult>0</difficult>
		<bndbox>
			<xmin>98</xmin>
			<ymin>43</ymin>
			<xmax>175</xmax>
			<ymax>168</ymax>
		</bndbox>
	</object>
	<object>
		<name>car</name>
		<pose>Unspecified</pose>
		<truncated>0</truncated>
		<difficult>0</difficult>
		<bndbox>
			<xmin>250</xmin>
			<ymin>532</ymin>
			<xmax>410</xmax>
			<ymax>680</ymax>
		</bndbox>
	</object>
</annotation>
