<annotation>
	<folder>photo</folder>
	<filename>car671.jpg</filename>
	<path>C:\Users\王永祯\Desktop\yolo_data\photo\car671.jpg</path>
	<source>
		<database>Unknown</database>
	</source>
	<size>
		<width>1058</width>
		<height>834</height>
		<depth>3</depth>
	</size>
	<segmented>0</segmented>
	<object>
		<name>car</name>
		<pose>Unspecified</pose>
		<truncated>0</truncated>
		<difficult>0</difficult>
		<bndbox>
			<xmin>90</xmin>
			<ymin>43</ymin>
			<xmax>205</xmax>
			<ymax>150</ymax>
		</bndbox>
	</object>
	<object>
		<name>car</name>
		<pose>Unspecified</pose>
		<truncated>0</truncated>
		<difficult>0</difficult>
		<bndbox>
			<xmin>251</xmin>
			<ymin>534</ymin>
			<xmax>428</xmax>
			<ymax>676</ymax>
		</bndbox>
	</object>
</annotation>
