<annotation>
	<folder>photo</folder>
	<filename>car664.jpg</filename>
	<path>C:\Users\王永祯\Desktop\yolo_data\photo\car664.jpg</path>
	<source>
		<database>Unknown</database>
	</source>
	<size>
		<width>1058</width>
		<height>834</height>
		<depth>3</depth>
	</size>
	<segmented>0</segmented>
	<object>
		<name>car</name>
		<pose>Unspecified</pose>
		<truncated>0</truncated>
		<difficult>0</difficult>
		<bndbox>
			<xmin>90</xmin>
			<ymin>18</ymin>
			<xmax>177</xmax>
			<ymax>131</ymax>
		</bndbox>
	</object>
	<object>
		<name>car</name>
		<pose>Unspecified</pose>
		<truncated>0</truncated>
		<difficult>0</difficult>
		<bndbox>
			<xmin>228</xmin>
			<ymin>539</ymin>
			<xmax>392</xmax>
			<ymax>653</ymax>
		</bndbox>
	</object>
</annotation>
