<annotation>
	<folder>photo</folder>
	<filename>car669.jpg</filename>
	<path>C:\Users\王永祯\Desktop\yolo_data\photo\car669.jpg</path>
	<source>
		<database>Unknown</database>
	</source>
	<size>
		<width>1058</width>
		<height>834</height>
		<depth>3</depth>
	</size>
	<segmented>0</segmented>
	<object>
		<name>car</name>
		<pose>Unspecified</pose>
		<truncated>0</truncated>
		<difficult>0</difficult>
		<bndbox>
			<xmin>88</xmin>
			<ymin>42</ymin>
			<xmax>189</xmax>
			<ymax>163</ymax>
		</bndbox>
	</object>
	<object>
		<name>car</name>
		<pose>Unspecified</pose>
		<truncated>0</truncated>
		<difficult>0</difficult>
		<bndbox>
			<xmin>236</xmin>
			<ymin>533</ymin>
			<xmax>439</xmax>
			<ymax>672</ymax>
		</bndbox>
	</object>
</annotation>
