<annotation>
	<folder>photo</folder>
	<filename>car663.jpg</filename>
	<path>C:\Users\王永祯\Desktop\yolo_data\photo\car663.jpg</path>
	<source>
		<database>Unknown</database>
	</source>
	<size>
		<width>1058</width>
		<height>834</height>
		<depth>3</depth>
	</size>
	<segmented>0</segmented>
	<object>
		<name>car</name>
		<pose>Unspecified</pose>
		<truncated>0</truncated>
		<difficult>0</difficult>
		<bndbox>
			<xmin>95</xmin>
			<ymin>22</ymin>
			<xmax>160</xmax>
			<ymax>117</ymax>
		</bndbox>
	</object>
	<object>
		<name>car</name>
		<pose>Unspecified</pose>
		<truncated>0</truncated>
		<difficult>0</difficult>
		<bndbox>
			<xmin>218</xmin>
			<ymin>524</ymin>
			<xmax>387</xmax>
			<ymax>674</ymax>
		</bndbox>
	</object>
</annotation>
