<annotation>
	<folder>photo</folder>
	<filename>car680.jpg</filename>
	<path>C:\Users\王永祯\Desktop\yolo_data\photo\car680.jpg</path>
	<source>
		<database>Unknown</database>
	</source>
	<size>
		<width>1058</width>
		<height>834</height>
		<depth>3</depth>
	</size>
	<segmented>0</segmented>
	<object>
		<name>car</name>
		<pose>Unspecified</pose>
		<truncated>0</truncated>
		<difficult>0</difficult>
		<bndbox>
			<xmin>93</xmin>
			<ymin>53</ymin>
			<xmax>192</xmax>
			<ymax>216</ymax>
		</bndbox>
	</object>
	<object>
		<name>car</name>
		<pose>Unspecified</pose>
		<truncated>0</truncated>
		<difficult>0</difficult>
		<bndbox>
			<xmin>245</xmin>
			<ymin>575</ymin>
			<xmax>464</xmax>
			<ymax>683</ymax>
		</bndbox>
	</object>
</annotation>
