<annotation>
	<folder>photo</folder>
	<filename>car660.jpg</filename>
	<path>C:\Users\王永祯\Desktop\yolo_data\photo\car660.jpg</path>
	<source>
		<database>Unknown</database>
	</source>
	<size>
		<width>1058</width>
		<height>834</height>
		<depth>3</depth>
	</size>
	<segmented>0</segmented>
	<object>
		<name>car</name>
		<pose>Unspecified</pose>
		<truncated>0</truncated>
		<difficult>0</difficult>
		<bndbox>
			<xmin>217</xmin>
			<ymin>508</ymin>
			<xmax>385</xmax>
			<ymax>635</ymax>
		</bndbox>
	</object>
	<object>
		<name>car</name>
		<pose>Unspecified</pose>
		<truncated>0</truncated>
		<difficult>0</difficult>
		<bndbox>
			<xmin>106</xmin>
			<ymin>17</ymin>
			<xmax>150</xmax>
			<ymax>97</ymax>
		</bndbox>
	</object>
</annotation>
