<annotation>
	<folder>photo</folder>
	<filename>car665.jpg</filename>
	<path>C:\Users\王永祯\Desktop\yolo_data\photo\car665.jpg</path>
	<source>
		<database>Unknown</database>
	</source>
	<size>
		<width>1058</width>
		<height>834</height>
		<depth>3</depth>
	</size>
	<segmented>0</segmented>
	<object>
		<name>car</name>
		<pose>Unspecified</pose>
		<truncated>0</truncated>
		<difficult>0</difficult>
		<bndbox>
			<xmin>94</xmin>
			<ymin>34</ymin>
			<xmax>170</xmax>
			<ymax>120</ymax>
		</bndbox>
	</object>
	<object>
		<name>car</name>
		<pose>Unspecified</pose>
		<truncated>0</truncated>
		<difficult>0</difficult>
		<bndbox>
			<xmin>215</xmin>
			<ymin>532</ymin>
			<xmax>413</xmax>
			<ymax>667</ymax>
		</bndbox>
	</object>
</annotation>
