<annotation>
	<folder>photo</folder>
	<filename>car676.jpg</filename>
	<path>C:\Users\王永祯\Desktop\yolo_data\photo\car676.jpg</path>
	<source>
		<database>Unknown</database>
	</source>
	<size>
		<width>1058</width>
		<height>834</height>
		<depth>3</depth>
	</size>
	<segmented>0</segmented>
	<object>
		<name>car</name>
		<pose>Unspecified</pose>
		<truncated>0</truncated>
		<difficult>0</difficult>
		<bndbox>
			<xmin>89</xmin>
			<ymin>57</ymin>
			<xmax>198</xmax>
			<ymax>212</ymax>
		</bndbox>
	</object>
	<object>
		<name>car</name>
		<pose>Unspecified</pose>
		<truncated>0</truncated>
		<difficult>0</difficult>
		<bndbox>
			<xmin>244</xmin>
			<ymin>553</ymin>
			<xmax>484</xmax>
			<ymax>693</ymax>
		</bndbox>
	</object>
</annotation>
