<annotation>
	<folder>photo</folder>
	<filename>car677.jpg</filename>
	<path>C:\Users\王永祯\Desktop\yolo_data\photo\car677.jpg</path>
	<source>
		<database>Unknown</database>
	</source>
	<size>
		<width>1058</width>
		<height>834</height>
		<depth>3</depth>
	</size>
	<segmented>0</segmented>
	<object>
		<name>car</name>
		<pose>Unspecified</pose>
		<truncated>0</truncated>
		<difficult>0</difficult>
		<bndbox>
			<xmin>111</xmin>
			<ymin>35</ymin>
			<xmax>204</xmax>
			<ymax>176</ymax>
		</bndbox>
	</object>
	<object>
		<name>car</name>
		<pose>Unspecified</pose>
		<truncated>0</truncated>
		<difficult>0</difficult>
		<bndbox>
			<xmin>222</xmin>
			<ymin>562</ymin>
			<xmax>468</xmax>
			<ymax>683</ymax>
		</bndbox>
	</object>
</annotation>
