<annotation>
	<folder>photo</folder>
	<filename>car661.jpg</filename>
	<path>C:\Users\王永祯\Desktop\yolo_data\photo\car661.jpg</path>
	<source>
		<database>Unknown</database>
	</source>
	<size>
		<width>1058</width>
		<height>834</height>
		<depth>3</depth>
	</size>
	<segmented>0</segmented>
	<object>
		<name>car</name>
		<pose>Unspecified</pose>
		<truncated>0</truncated>
		<difficult>0</difficult>
		<bndbox>
			<xmin>101</xmin>
			<ymin>28</ymin>
			<xmax>155</xmax>
			<ymax>109</ymax>
		</bndbox>
	</object>
	<object>
		<name>car</name>
		<pose>Unspecified</pose>
		<truncated>0</truncated>
		<difficult>0</difficult>
		<bndbox>
			<xmin>202</xmin>
			<ymin>508</ymin>
			<xmax>370</xmax>
			<ymax>637</ymax>
		</bndbox>
	</object>
</annotation>
