<annotation>
	<folder>photo</folder>
	<filename>car674.jpg</filename>
	<path>C:\Users\王永祯\Desktop\yolo_data\photo\car674.jpg</path>
	<source>
		<database>Unknown</database>
	</source>
	<size>
		<width>1058</width>
		<height>834</height>
		<depth>3</depth>
	</size>
	<segmented>0</segmented>
	<object>
		<name>car</name>
		<pose>Unspecified</pose>
		<truncated>0</truncated>
		<difficult>0</difficult>
		<bndbox>
			<xmin>97</xmin>
			<ymin>58</ymin>
			<xmax>197</xmax>
			<ymax>183</ymax>
		</bndbox>
	</object>
	<object>
		<name>car</name>
		<pose>Unspecified</pose>
		<truncated>0</truncated>
		<difficult>0</difficult>
		<bndbox>
			<xmin>234</xmin>
			<ymin>537</ymin>
			<xmax>462</xmax>
			<ymax>671</ymax>
		</bndbox>
	</object>
</annotation>
