<annotation>
	<folder>photo</folder>
	<filename>car685.jpg</filename>
	<path>C:\Users\王永祯\Desktop\yolo_data\photo\car685.jpg</path>
	<source>
		<database>Unknown</database>
	</source>
	<size>
		<width>1058</width>
		<height>834</height>
		<depth>3</depth>
	</size>
	<segmented>0</segmented>
	<object>
		<name>car</name>
		<pose>Unspecified</pose>
		<truncated>0</truncated>
		<difficult>0</difficult>
		<bndbox>
			<xmin>101</xmin>
			<ymin>59</ymin>
			<xmax>212</xmax>
			<ymax>253</ymax>
		</bndbox>
	</object>
	<object>
		<name>car</name>
		<pose>Unspecified</pose>
		<truncated>0</truncated>
		<difficult>0</difficult>
		<bndbox>
			<xmin>263</xmin>
			<ymin>592</ymin>
			<xmax>440</xmax>
			<ymax>680</ymax>
		</bndbox>
	</object>
</annotation>
