<annotation>
	<folder>photo</folder>
	<filename>car673.jpg</filename>
	<path>C:\Users\王永祯\Desktop\yolo_data\photo\car673.jpg</path>
	<source>
		<database>Unknown</database>
	</source>
	<size>
		<width>1058</width>
		<height>834</height>
		<depth>3</depth>
	</size>
	<segmented>0</segmented>
	<object>
		<name>car</name>
		<pose>Unspecified</pose>
		<truncated>0</truncated>
		<difficult>0</difficult>
		<bndbox>
			<xmin>67</xmin>
			<ymin>40</ymin>
			<xmax>200</xmax>
			<ymax>160</ymax>
		</bndbox>
	</object>
	<object>
		<name>car</name>
		<pose>Unspecified</pose>
		<truncated>0</truncated>
		<difficult>0</difficult>
		<bndbox>
			<xmin>230</xmin>
			<ymin>550</ymin>
			<xmax>417</xmax>
			<ymax>666</ymax>
		</bndbox>
	</object>
</annotation>
