<annotation>
	<folder>photo</folder>
	<filename>418_passenger vehicle213.jpg</filename>
	<path>C:\Users\王永祯\Desktop\passenger vehicle\photo\418_passenger vehicle213.jpg</path>
	<source>
		<database>Unknown</database>
	</source>
	<size>
		<width>1058</width>
		<height>834</height>
		<depth>3</depth>
	</size>
	<segmented>0</segmented>
	<object>
		<name>passenger vehicle</name>
		<pose>Unspecified</pose>
		<truncated>0</truncated>
		<difficult>0</difficult>
		<bndbox>
			<xmin>102</xmin>
			<ymin>325</ymin>
			<xmax>237</xmax>
			<ymax>614</ymax>
		</bndbox>
	</object>
</annotation>
