<annotation>
	<folder>photo</folder>
	<filename>1_person74.jpg</filename>
	<path>C:\Users\王永祯\Desktop\person\photo\1_person74.jpg</path>
	<source>
		<database>Unknown</database>
	</source>
	<size>
		<width>1058</width>
		<height>834</height>
		<depth>3</depth>
	</size>
	<segmented>0</segmented>
	<object>
		<name>person</name>
		<pose>Unspecified</pose>
		<truncated>0</truncated>
		<difficult>0</difficult>
		<bndbox>
			<xmin>212</xmin>
			<ymin>556</ymin>
			<xmax>301</xmax>
			<ymax>589</ymax>
		</bndbox>
	</object>
</annotation>
