<annotation>
	<folder>photo</folder>
	<filename>2_person88.jpg</filename>
	<path>C:\Users\王永祯\Desktop\person\photo\2_person88.jpg</path>
	<source>
		<database>Unknown</database>
	</source>
	<size>
		<width>1058</width>
		<height>834</height>
		<depth>3</depth>
	</size>
	<segmented>0</segmented>
	<object>
		<name>person</name>
		<pose>Unspecified</pose>
		<truncated>0</truncated>
		<difficult>0</difficult>
		<bndbox>
			<xmin>161</xmin>
			<ymin>598</ymin>
			<xmax>327</xmax>
			<ymax>622</ymax>
		</bndbox>
	</object>
</annotation>
